question,long_answers,short_answers
which is the most common use of opt-in e-mail marketing,"A common example of permission marketing is a newsletter sent to an advertising firm's customers. Such newsletters inform customers of upcoming events or promotions, or new products. In this type of advertising, a company that wants to send a newsletter to their customers may ask them at the point of purchase if they would like to receive the newsletter.",A newsletter sent to an advertising firm's customers
how i.met your mother who is the mother,"Tracy McConnell, better known as `` The Mother '', is the title character from the CBS television sitcom How I Met Your Mother. The show, narrated by Future Ted, tells the story of how Ted Cosby met The Mother. Tracy McConnell appears in episodes from `` Lucky Penny '' to `` The Time Travelers '' as an unseen character ; she was first seen fully in `` Something New '' and was promoted to a main character in season. The Mother is played by Cristina Militia.",Tracy McConnell
who had the most wins in the nfl,"Active quarterback Tom Brady holds the records for most wins with 220, most regular season wins with 195, and most postseason wins with 25, as of Week 16 of the 2017 NFL season. Having played the entirety of his career with the New England Patriots, each of Brady's win records also apply to wins with a single team.",Tom Brady
who played mantis guardians of the galaxy 2,"Pom Klementieff (born May 1986) is a French actress. She was trained at the Course Florent drama school in Paris and has appeared in such films as Coup (2009) , Sleepless Night (2011) and Hacker's Game (2015) . She plays the role of Mantis in the film Guardians of the Galaxy Vol. (2017) and will appear in the same role in the film Avengers : Infinity War (2018) .",Pom Klementieff
the nashville sound brought a polished and cosmopolitan sound to country music by,"In the early 1960s, the Nashville sound began to be challenged by the rival Bakersfield sound on the countryside and by the British Invasion on the pop side ; compounding these problems were the sudden deaths, in separate airplane crashes, of Patsy Cline and Jim Reeves, two of the Nashville Sound's biggest stars. Nashville's pop song structure became more pronounced, and it morphed into what was called Countrypolitan - a smoother sound typified through the use of lush string arrangements with a real orchestra and often, background vocals provided by a choir. Countrypolitan was aimed straight at mainstream markets, and it sold well throughout the later 1960s into the early 1970s. Among the architects of this sound were producers Billy Sherrill (who was instrumental in shaping Tammy Wynette's early career) and Glenn Sutton. Artists who typified the countrypolitan sound initially included Lynette, Glen Campbell (who recorded in Hollywood and not Nashville) , Lynn Anderson, Charlie Rich, and Charley Pride, the latter being a rare example of a top-selling African - American country performer.","The use of lush string arrangements with a real orchestra and often, Background vocals provided by a choir"
who needs to be in the car with a permit driver,"Typically, a driver operating with a learner's permit must be accompanied by an adult licensed driver who is at least 21 years of age or older and in the passenger seat of the vehicle at all times.",An adult licensed driver who is at least 21 years of age or older and in the passenger seat of the vehicle at all times
god's not dead a light in the darkness release date,"Principal photography was completed in Little Rock, Arkansas in December 2017. It was released in the United States on March 30, 2018. Unlike the first two films, A Light in Darkness was a box office bomb, making less in its entire theatrical run ($. a million) than the others grossed in their respective opening weekends ($. a million and $. a million) .","March 30, 2018"
who is the current president of un general assembly,Miroslaw Lack of Slovakia has been elected as the United Nations General Assembly President of its 72nd session beginning in September 2017.,Miroslaw Lack of Slovakia
when do they pull the powerball numbers 2016,"Drawings for Power ball are held every Wednesday and Saturday evening at 10 : 59 p.m. Eastern Time. Since October 2015, the game has used a / 69 (white balls) + / 26 (Power balls) matrix from which winning numbers are chosen, resulting in odds of in 292,201,338 of winning a jackpot per play. Each play costs $, or $ with the Power Play option. (Originally, Power ball plays cost $ ; when Overplay began, such games were $. ) The official cutoff for ticket sales is 10 : 00 p.m. Eastern Time ; some lotteries cut off sales earlier. The drawings are usually held at the Florida Lottery's studio in Tallahassee.",Every Wednesday and Saturday evening at 10 : 59 p.m. Eastern Time
what is the name of the sea surrounding dubai,"Dubai (/ Dubai / dew - BY ; Arabic : دبي ‎ Dubai, Gulf pronunciation : (dʊˈbɑj) ) is the largest and most populous city in the United Arab Emirates (UAE) . It is located on the southeast coast of the Persian Gulf and is the capital of the Emirate of Dubai, one of the seven emirates that make up the country. Abu Dhabi and Dubai are the only two emirates to have veto power over critical matters of national importance in the country's Federal Supreme Council. The city of Dubai is located on the emirate's northern coastline and heads the Dubai - Sharjah - Amman metropolitan area. Dubai will host World Expo 2020.",Persian Gulf
when did the new maze runner movie come out,"Maze Runner : The Death Cure was originally set to be released on February 17, 2017, in the United States by 20th Century Fox, but the studio rescheduled the film's release for January 26, 2018, in theaters and IMAX, allowing time for O'Brien to recover from injuries he sustained during filming. The film received mixed reviews from critics and has grossed over $272 million worldwide.","January 26, 2018"
how many players on a box lacrosse team,"During play, a team consists of six players : a goaltender and five `` runners ''. A runner is any non-goalkeeper position player, including forwards, transition players, and defenders. Runners usually specialize in one of these roles and substitute off the field when the ball moves from one end to the other. When the sport originated teams played with six runners. However, in 1953 the sixth runner, a position called rover, was eliminated. The goalkeeper can be replaced by another runner, often when a delayed penalty has been called on the other team or at the end of games by teams that are behind to help score goals.",six
where are the upcoming olympics to be held,"This is a list of host cities of the Olympic Games, both summer and winter, since the modern Olympics began in 1896. Since then, summer games have usually -- but not always -- celebrated a four - year period known as an Olympiad. There have been 28 Summer Olympic Games held in 24 cities, and 23 Winter Olympic Games held in 20 cities. In addition, three summer and two winter editions of the Games were scheduled to take place but later cancelled due to war : Berlin (summer) in 1916 ; Tokyo / Helsinki (summer) and Sapporo / Garish - Partenkirchen (winter) in 1940 ; and London (summer) and Corina d'Mezzo, Italy (winter) in 1944. The 1906 Summer Olympics were officially sanctioned and held in Athens. However, in 1949, the International Olympic Committee (IOC) , decided to unrecognized the 1906 Games. Four cities have been chosen by the IOC to host upcoming Olympic Games : Tokyo for the 2020 Summer Olympics, Beijing for the 2022 Winter Olympics, Paris for the 2024 Summer Olympics, and Los Angeles for the 2028 Summer Olympics.","Tokyo for the 2020 Summer Olympics, Beijing for the 2022 Winter Olympics, Paris for the 2024 Summer Olympics, Los Angeles for the 2028 Summer Olympics"
when did the nba 3 second rule start,"The three - second rule was introduced in 1936 and was expressed as such : no offensive player with the ball could remain in the Key with or without the ball, for more than three seconds.",1936
who plays norman bates in the tv show,Freddie High more as Norman Bates,Freddie High more
when did usa start driving on the right,"In the late 1700s, traffic in the United States was RHT based on teamsters' use of large freight wagons pulled by several pairs of horses. The wagons had no driver's seat, so the (typically right-handed) postilion held his whip in his right hand and thus sat on the left rear horse. Seated on the left, the driver preferred that other wagons pass him on the left so that he could be sure to keep clear of the wheels of oncoming wagons.",Late 1700s
name some components of the central nervous system (cns),"The central nervous system (CNS) is the part of the nervous system consisting of the brain and spinal cord. The central nervous system is so named because it integrates information it receives from, and coordinates and influences the activity of, all parts of the bodies of bilaterally symmetric animals -- that is, all multicellular animals except sponges and radially symmetric animals such as jellyfish -- and it contains the majority of the nervous system. Many consider the retina and the optic nerve (cranial nerve II) , as well as the olfactory nerves (cranial nerve I) and olfactory epithelium as parts of the CNS, snapping directly on brain tissue without intermediate ganglia. As such, the olfactory epithelium is the only central nervous tissue in direct contact with the environment, which opens up for therapeutic treatments. The CNS is contained within the dorsal body cavity, with the brain housed in the cranial cavity and the spinal cord in the spinal canal. In vertebrates, the brain is protected by the skull, while the spinal cord is protected by the vertebrae. The brain and spinal cord are both enclosed in the meninges. In central nervous systems, the interneuronal space is filled with a large amount of supporting non-nervous cells called neuroglial cells.","brain, Spinal cord"
who's the director of the price is right,"The game show production team of Mark Goodson and Bill Tod man was responsible for producing the original as well as the revival versions of the game show. Goodson - Tod man staffer Bob Stewart is credited with creating the original version of The Price Is Right. Roger Horowitz was the producer from 1984 to 2008, having worked with the program as a production staffer since the show's debut after graduating from San Francisco State University. Occasionally, Horowitz appeared on - camera when answering a question posed by the host, usually relating to the show's history or records. When he left the show at the end of season 36, Variety reported that it was unclear whether he was retiring or was fired, although Carey indicated in a later interview with Esquire that Horowitz was fired. As of 2011, the show uses multiple producers, all long - time staffers. Adam Sandler (not to be confused with the actor) is the producer of the show. Stan Bits, who joined the show in 1980 and Sue MacIntyre are the co-producers. Kathy GREC joined the show in 1975 and became producer in 2008 ; she announced her retirement October 2010 on the show's website, effective at the end of the December 2010 taping. Her last episode as producer, which aired January 27, 2011, featured a theme in tribute to her. The show's official website featured a series of videos including an interview with GREC as a tribute to her 35 years in the days leading up to her final episode. Frank Wayne, a Goodson - Tod man staffer since the 1950s, was the original executive producer of the CBS version of the show. Barker assumed that role after Wayne's death in March 1988, as previously stated. Previous producers have included Jay Colbert, Barbara Hunter and Phil Wayne Rossi (Wayne's son) . Michael Ditch assumed the director's chair in June 2011. Marc Below, Paul Alter, Bart Slander and Rich Divisor each served long stints previously as director. Former associate directors Andrew Welsher and Fred Written, as well as technical director Glenn Koch, have directed episodes strictly on a fill - in basis. Sandler began directing episodes in 2012, and became the official director in 2013. Aside from Barker, the show's production staff remained intact after Carey became host. FremantleMedia executive Syd Lineage was named the program's new executive producer, with Richards becoming co-executive producer after Dobkowitz's departure. Richards was a candidate to replace Barker as host in 2007, before Carey was ultimately chosen. Richards succeeded Lineage as executive producer when the 2009 -- 10 season started, with Tracy Verna South joining Richards as co-executive producer in 2010. Lineage remains credited as an executive consultant to the show.",Adam Sandler
bridge on the river kwai fact or fiction,"The Bridge on the River Kwan is a 1957 British - American epic war film directed by David Lean and starring William Holden, Jack Hawkins, and Alec Guinness, and featuring Issue Katakana. Based on the novel Le Point de la Riviera Kwan (1952) by Pierre Bouclé, the film is a work of fiction, but borrows the construction of the Burma Railway in 1942 -- 1943 for its historical setting. The movie was filmed in Ceylon (now Sri Lanka) . The bridge in the film was near Kitulgala.",fiction
why did argentina attack the falklands/malvinas islands,"The Falklands War (Spanish : Guerra de las Salinas) , also known as the Falklands Conflict, Falklands Crisis, Salinas War, South Atlantic Conflict, and the Guerra del Atlántico SUR (Spanish for `` South Atlantic War '') , was a ten - week war between Argentina and the United Kingdom over two British dependent territories in the South Atlantic : the Falkland Islands, and its territorial dependency, the South Georgia and the South Sandwich Islands. It began on Friday, April 1982, when Argentina invaded and occupied the Falkland Islands (and, the following day, South Georgia and the South Sandwich Islands) in an attempt to establish the sovereignty it had claimed over them. On April, the British government dispatched a naval task force to engage the Argentine Navy and Air Force before making an amphibious assault on the islands. The conflict lasted 74 days and ended with the Argentine surrender on 14 June 1982, returning the islands to British control. In total, 649 Argentine military personnel, 255 British military personnel, and three Falkland Islanders died during the hostilities.",An attempt to establish the sovereignty it had claimed over them
what teams are in the fa cup final,"The 2018 FA Cup Final was the final match of the 2017 -- 18 FA Cup and the 137th final of the FA Cup, the world's the oldest football cup competition. It was played at Wembley Stadium in London, England on 19 May 2018 between Manchester United and Chelsea. It was the second successive final for Chelsea following their defeat by Arsenal the previous year.","Manchester United, Chelsea"
where is a midsummer night's dream set,"The play consists of four interconnecting plots, connected by a celebration of the wedding of Duke Theseus of Athens and the Amazon queen, Hippolyta, which is set simultaneously in the woodland and in the realm of Fairyland, under the light of the moon.",In the woodland and in the realm of Fairyland
who is the first person who went to moon,"Neil Alden Armstrong (August 1930 -- August 25, 2012) was an American astronaut and aeronautical engineer who was the first person to walk on the Moon. He was also a naval aviator, test pilot, and university professor.",Neil Alden Armstrong
are pure metals made of atoms or ions,"The atoms of metallic substances are typically arranged in one of three common crystal structures, namely body - centered cubic (BCC) , face - centered cubic (FCC) , and hexagonal close - packed (HCP) . In BCC, each atom is positioned at the center of a cube of eight others. In FCC and HCP, each atom is surrounded by twelve others, but the stacking of the layers differs. Some metals adopt different structures depending on the temperature.",atoms
movement of molecules across a membrane powered by atp,"Active transport is the movement of molecules across a membrane from a region of their lower concentration to a region of their higher concentration -- in the direction against the concentration gradient. Active transport requires cellular energy to achieve this movement. There are two types of active transport -- primary active transport that uses ATP, and secondary active transport that uses an electrochemical gradient. An example of active transport in human physiology is the uptake of glucose in the intestines.",Primary active transport
who sold manhattan to the dutch in 1626,"Minuit is credited with purchasing the island of Manhattan from the Native Americans in exchange for traded goods valued at 60 guilders. According to the writer Nathaniel Benchley, Minuit conducted the transaction with Sagas, chief of the Canaries, who were only too happy to accept valuable merchandise in exchange for an island that was mostly controlled by the Weckquaesgeeks.","Sagas, Chief of the Canaries"
what year did the movie deuces come out,"Deuces is an American crime drama written and directed by Jamal Hill. The film stars Learn Tate, Meagan Good, Lance Gross and Siva. The film is executive produced by Queen Latifah for her production company Flavor Unit Entertainment. Deuces premiered on Netflix on April 2017.",2017
who is the present sport minister of india,"The Ministry of Youth Affairs and Sports, a branch of the Government of India, which administers Department of youth affairs and Department of Sports in India. The ministry also overlooks the organization of Commonwealth 2010 games. As of July 2016, Minister of Youth Affairs and Sports is the Minister of State (Independent Charge) Rajyavardhan Singh Rathole",Rajyavardhan Singh Rathole
where was life or something like it filmed,"The majority of the movie was shot on location in Seattle, Washington although portions were filmed in downtown Vancouver. The TV station in the movie, KM, was actually real - life Seattle TV station COMO - TV (the COMO logo was altered on the set of COMO News and on several of KOMO's news vehicles, in addition to a few mic flags) .","Seattle, Washington, Downtown Vancouver"
the highest post in police department of karnataka state is,"The Director General and Inspector General of Police (DESIGN) is the head of the state's police department, and under him are Additional Directors Generals of Police. Each Additional Director General of Police is in charge of a particular function : law and order, crime and technical services, administration, intelligence, the Karnataka State Reserve Police, recruitment and training.",The Director General and Inspector General of Police (DESIGN)
where is the best farming soil in the us and where did all the dirt come from,"The Black Dirt Region takes its name from the dark, extremely fertile soil left over from an ancient glacial lake bottom augmented by decades of past flooding of the Wall kill River. The 26,000 acres (10,400 ha) of muck left over is the largest concentration of such soil in the United States outside the Florida Everglades.","The Black Dirt Region, From an ancient glacial lake bottom augmented by decades of past flooding of the Wall kill River"
the pair of hand drums used in indian classical music is called,"The tabla consists of two single headed, barrel shaped small drums of slightly different size and shapes : day also called Davina meaning right (also called `` tabla '') , and Baya also called Bahia meaning left (also called `` ragga '') . The day tabla is played by the musician's right hand (dominant hand) , and is about 15 centimeters (~ in) in diameter and 25 centimeters (~ 10 in) high. The Baya tabla is a bit bigger and deep kettledrum shaped, about 20 centimeters (~ in) in diameter and 25 centimeters (~ 10 in) in height. Each is made of hollowed out wood or clay or brass, the day drum laced with hoops, thongs and wooden dowels on its sides. The dowels and hoops are used to tighten the tension of the membrane. The day is tuned to the ground note of the raga called SA (tonic in India music) . The Baya construction and tuning is about a fifth to an octave below that of the day drum. The musician uses his hand's heel pressure to change the pitch and tone color of each drum during a performance.",tabla
where does the term petty officer come from,"The modern petty officer dates back to the Age of Sail. Petty officers rank between naval officers (both commissioned and warrant) and most enlisted sailors. These were men with some claim to officer rank, sufficient to distinguish them from ordinary ratings, without raising them so high as the sea officers. Several where warrant officers, in the literal sense of being appointed by warrant, and like the warrant sea officers, their superiors, they were usually among the specialists of the ship's company. The Oxford English Dictionary suggests that the title derives from the Anglo-Norman and Middle French `` petite '', meaning `` of small size, small, little ''.",Age of Sail
where is israel located on the world map,"Israel (/ ˈɪzreɪəl / ; Hebrew : יִשְׂרָאֵל ‎, Arabic : إِسْرَائِيل ‎ ‎) , officially the State of Israel (Hebrew : מְדִינַת יִשְׂרָאֵל ‎, Arabic : دَوْلَة إِسْرَائِيل ‎ ‎) , is a country in the Middle East, on the southeastern shore of the Mediterranean Sea and the northern shore of the Red Sea. It has land borders with Lebanon to the north, Syria to the northeast, Jordan on the east, the Palestinian territories of the West Bank and Gaza Strip to the east and west, respectively, and Egypt to the southwest. The country contains geographically diverse features within its relatively small area. Israel's economy and technology center is Tel Aviv, while its seat of government and proclaimed capital is Jerusalem, although the state's sovereignty over East Jerusalem is not recognized internationally.","The Middle East, On the southeastern shore of the Mediterranean Sea and the northern shore of the Red Sea"
who played smiley in tinker tailor soldier spy,"Tinker Tailor Soldier Spy is a 2011 Cold War espionage film directed by Tomas Alfred son. The screenplay was written by Bridget O'Connor and Peter Straight, based on John le Carré's 1974 novel of the same name. The film, starring Gary Oldman as George Smiley, along with Colin Firth, Tom Hardy, John Hurt, Toby Jones, Mark Strong, Benedict Cumberbatch, and Ciara Hinds, and featuring David Deck, is set in London in the early 1970s and follows the hunt for a Soviet double agent at the top of the British Secret Service.",Gary Oldman
when does brennan get pregnant the first time,"Brennan is best friends with her coworker, Angela, saying in the TH - season premiere she loves Angela `` like a sister '' and is going to be an aunt to Hod gins' and Angela's newborn child. It is revealed at the end of the season six finale `` The Change in the Game '' that Brennan is pregnant, and the father is Booth.",Season six finale
what causes a dead zone in the ocean,"Dead zones are hypoxic (low - oxygen) areas in the world's oceans and large lakes, caused by `` excessive nutrient pollution from human activities coupled with other factors that deplete the oxygen required to support most marine life in bottom and near - bottom water. (NOAA) ''. In the 1970s oceanographers began noting increased instances of dead zones. These occur near inhabited coastlines, where aquatic life is most concentrated. (The vast middle portions of the oceans, which naturally have little life, are not considered `` dead zones ''. )",Excessive nutrient pollution from human activities coupled with other factors that deplete the oxygen
who is the present governor of puerto rico,"Alejandro Javier García Padilla (Spanish : (Alexander Farsi. a) ; born August 1971) is a Puerto Rican politician and attorney who served as the 11th Governor of Puerto Rico from 2013 to 2017. Prior to this position, García Padilla held various roles in the political landscape of Puerto Rico ; first as Secretary of Consumer Affairs, and then as a member of the 24th Senate of Puerto Rico and as president of the Popular Democratic Party. Locally, he is a staunch advocate for maintaining the current political status of Puerto Rico as that of an unincorporated territory of the United States with self-government, while at the national level he is allied with the Democratic Party.",Alejandro Javier García Padilla
what affect does acetylcholine have on the sarcolemma,"Muscles require innervation to function -- and even just to maintain muscle tone, avoiding atrophy. Synaptic transmission at the neuromuscular junction begins when an action potential reaches the presynaptic terminal of a motor neuron, which activates voltage - dependent calcium channels to allow calcium ions to enter the neuron. Calcium ions bind to sensor proteins (synaptotagmin) on synaptic vesicles, triggering vesicle fusion with the cell membrane and subsequent neurotransmitter release from the motor neuron into the synaptic cleft. In vertebrates, motor neurons release acetylcholine (ACh) , a small molecule neurotransmitter, which diffuses across the synaptic cleft and binds to nicotine acetylcholine receptors (nachos) on the cell membrane of the muscle fiber, also known as the sarcoma. nachos are isotropic receptors, meaning they serve as ligand - gated ion channels. The binding of ACh to the receptor can depolarize the muscle fiber, causing a cascade that eventually results in muscle contraction.","Can depolarize the muscle fiber, Causing a cascade that eventually results in muscle contraction"
who plays claire underwood's mom on house of cards,"Claire Hale Underwood is originally from the exclusive Highland Park enclave of Dallas, Texas. Her late father was a major Texas Republican. While at Radcliffe College in Cambridge, she met Francis J. Underwood, a Harvard Law student from South Carolina. She is from a wealthy family, and the show characterizes her as a `` Dallas Debutante '' and `` Lily White ''. She recounts her father's taking her to Dealer Plaza, where John F. Kennedy was assassinated, and that it made her feel `` so sad, so angry ''. Furthermore, she has a difficult relationship with her mother, Elizabeth Hale (Ellen Burst) , who despises Frank and is disappointed in Claire for marrying him.",Ellen Burst
who won the all ireland football final 2017,"Dublin won the final by a point on a - 17 to - 16 scorelines to claim their third title in a row, the first time this has happened since 1921 - 23.",Dublin
who played robbie douglas wife on my three sons,"While the three sons were always central to the storyline, several major changes took place by the late 1960s. In the spring of 1967, the ratings for the series began to sag, and My Three Sons finished its seventh season in 31st place in the Nielsen ratings. It was decided that the 1967 - 1968 season would bring the program not only a new time slot, but also new storylines to spice up the ratings. In the fall of 1967, CBS moved My Three Sons to Saturday night at : 30 pm. In the season - premiere episode, `` Moving Day '', the Douglas family and Uncle Charley relocate from the fictional town of Bryant Park in the Midwest to Los Angeles. Robbie (Don Grady) marries his classmate / girlfriend, Katie Miller (Tina Cole) . Tina Cole, in fact, had appeared in different roles on three previous episodes of My Three Sons : `` House For Sale '' from the fourth season (February 13, 1964) , `` The Coffee House Set '' from the fifth season (November 19, 1964) , and `` Robbie and the Little Stranger '' from the sixth season (February 17, 1966) . At the end of the 1967 - 1968 season, the ratings had improved from the previous year with the series placing at 24th in the Nielsen's. The following season, the newlyweds discover that Katie is pregnant, and she gives birth to triplets named Robert, Steven, and Charles. Although originally played by sets of uncredited twins, these babies were played uncredited by Guy, Gunnar, and Garth Swanson. The most familiar triplets in the show's last two seasons are played by Michael, Daniel, and Joseph Todd.",Tina Cole
the most common system of land title in australia,"Torrens' title is a land registration and land transfer system, in which a state creates and maintains a register of land holdings, which serves as the conclusive evidence (termed `` indefectibility '') of title of the person recorded on the register as the proprietor (owner) , and of all other interests recorded on the register. The interests that are not guaranteed are called `` paramount interests ''. Ownership of land is transferred by registration of a transfer of title, instead of by the use of deeds. The Registrar would provide a Certificate of Title to the new proprietor, which is merely a copy of the related folio of the register.",Torrens title
who sings with jackson brown on the load out,"`` The Load - Out '' describes the daily practices of a band and its road crew on a concert tour, and the emotions evoked throughout such an endeavor. The first three verses of the song consist of Browne singing and playing piano with David Lindley playing steel guitar. They are later joined by a synthesizer, followed by the rest of the band. Eventually `` The Load - Out '' segues into an interpretation of Maurice Williams' 1960 hit `` Stay, '' sung by Browne, Rosemary Butler, and Lindley. It is Lindley who sings the falsetto.","Rosemary Butler, David Lindley"
what happens to dr shepherd on grey's,"In season 11, Derek is involved in a fatal car accident while driving to the airport for his final trip to Washington. He is able to hear and process auditory input, but unable to speak. He is recognized by Winnie, one of the victims of a crash he assisted in earlier, who tells the surgeons that their patient's name is Derek and that he is a surgeon as well. The hospital he was taken to was understaffed, and his head injury was not detected quickly enough by the interns on duty that night. Although the neurosurgeon on call is paged multiple times, he takes too long to arrive and Derek is declared brain-dead. Police arrive at Meredith's door and take her to see Derek, where she consents to removing him from life support. At the time of his death, Meredith was pregnant with their third child. She gives birth to a daughter whom she names Ellis after her mother.",A fatal car accident
when does book 2 of the 100 come out,"The 100 is a series of young adult science fiction novels by Mass Morgan. The first book in the series, The 100, was published on September 2013, by Little, Brown Books for Young Readers. Day 21, its sequel, was released on September 25, 2014, and Homecoming was released on February 26, 2015. A fourth novel, Rebellion, was released on December 2016.","On September 25, 2014"
when did the nissan armada body style change,"On February 10, 2016, Nissan unveiled the second generation Armada at the Chicago Auto Show, and went on sale in August 2016 as a 2017 model. This version is based on the Nissan Patrol and Infinite QX80, and is assembled in Japan, except for the Endurance V engine, which is assembled in Dec herd, Tennessee. The Armada grew in length and width, but the wheelbase and height were moderately reduced. In addition to the Endurance V, a seven - speed transmission was introduced to improve fuel economy, acceleration and torque, along with an increase in horsepower from 317 to 390 hp at, 200 rpm. The exterior moderately differs from the updated Patrol, that was introduced in early 2014. As with the previous generation, the Armada continued to offer WD and WD and available in SV, SL, and Platinum trims.",2016
where does the name down syndrome come from,"Down syndrome is one of the most common chromosome abnormalities in humans. It occurs in about one per 1000 babies born each year. In 2015, Down syndrome was present in. a million individuals and resulted in 27,000 deaths down from 43,000 deaths in 1990. It is named after John Landon Down, the British doctor who fully described the syndrome in 1866. Some aspects of the condition were described earlier by Jean - Étienne Dominique Esquire in 1838 and Édouard Seguin in 1844. In 1957, the genetic cause of Down syndrome, an extra copy of chromosome 21, was discovered.","John Landon Down, The British doctor who fully described the syndrome in 1866"
the number on kiss me thru the phone,"The telephone number, 678 - 999 - 8212, given in the song, if dialed from the United States, previously connected to a message system for the artist ; the number now belongs to an unknown commercial advertiser in Georgia. An unsuspecting family in the United Kingdom found themselves inundated with calls from fans there who dialed the number but mistyped the international dialing code prefix for the United States (001) , instead typing `` 016 '', which is the prefix for numbers in Greater Manchester, England, where the family resides.",678 - 999 - 8212
when does the regular football season start for nfl,"The 2017 NFL season is the 98th and current season in the history of the National Football League (NFL) . The season began on September 2017, with the Kansas City Chiefs defeating the defending Super Bowl LI champion New England Patriots 42 -- 27 in the NFL Kickoff Game. The season will conclude with Super Bowl LII, the league's championship game, on February 2018, at U.S. Bank Stadium in Minneapolis, Minnesota.","September, 2017"
who sold more albums elvis or micheal jackson,Michael Jackson sold 750 million Records Alive The Beatles sold 500 + million records Alive Elvis Presley sold 350 + million records Alive,Michael Jackson
who plays officer garcia in santa clarita diet,"Natalie Morales as Anne Garcia, a sheriff's deputy, Dan's partner, and very religious. She becomes romantically involved with Lisa after Dan goes missing.",Natalie Morales
when was the great pyramid of giza created,"Based on a mark in an interior chamber naming the work gang and a reference to fourth dynasty Egyptian Pharaoh Khufu, Egyptologists believe that the pyramid was built as a tomb over a 10 to 20 - year period concluding around 2560 BC. Initially at 146. Metres (481 feet) , the Great Pyramid was the tallest man - made structure in the world for more than, 800 years. Originally, the Great Pyramid was covered by casing stones that formed a smooth outer surface ; what is seen today is the underlying core structure. Some of the casing stones that once covered the structure can still be seen around the base. There have been varying scientific and alternative theories about the Great Pyramid's construction techniques. Most accepted construction hypotheses are based on the idea that it was built by moving huge stones from a quarry and dragging and lifting them into place.",10 to 20 - year period concluding around 2560 BC
who sang theres a rat in my kitchen,"`` Rat in Mi Kitchen '' is a song and single written and performed by British group, UB40. It features Herb Alpert on trumpet and was the sixth track on their album Rat in the Kitchen. Released in 1986, it reached Number 12 on the UK charts in 1987, staying for seven weeks.",UB40
the contribution of agriculture in india's gross domestic product is,"The history of Agriculture in India dates back to Indus Valley Civilization Era and even before that in some parts of Southern India. Today, India ranks second worldwide in farm output. Agriculture and allied sectors like forestry and fisheries accounted for 13. % of the GDP (gross domestic product) in 2013, about 50 % of the workforce. The economic contribution of agriculture to India's GDP is steadily declining with the country's broad - based economic growth. Still, agriculture is demographically the broadest economic sector and plays a significant role in the overall socio-economic fabric of India.",13. % of the GDP
who's doing the halftime show in 2018,"The Super Bowl LII Halftime Show (officially known as the Pepsi Super Bowl LII Halftime Show) took place on February 2018 at U.S. Bank Stadium in Minneapolis, Minnesota, as part of Super Bowl LII. Justin Timberlake was the featured performer, as confirmed by the National Football League (NFL) on October 22, 2017. It was televised nationally by NBC.",Justin Timberlake
when was the first freeway built in los angeles,"The Arroyo Sect Parkway, formerly known as the Pasadena Freeway, is the first freeway in the Western United States. It connects Los Angeles with Pasadena alongside the Arroyo Sect seasonal river. It is notable not only for being the first, mostly opened in 1940, but for representing the transitional phase between early parkways and modern freeways. Furthermore, it conformed to modern standards when it was built, but is now regarded as a narrow, outdated roadway. A 1953 extension brought the south end to the Four Level Interchange in downtown Los Angeles and a connection with the rest of the freeway system.",1940
when was the wizard of oz made in technicolor,"Notable for its use of Technicolor, fantasy storytelling, musical score, and memorable characters, it has become an icon of American popular culture. It was nominated for six Academy Awards, including Best Picture, but lost to Gone with the Wind. It did win in two other categories, including Best Original Song for `` Over the Rainbow '' and Best Original Score by Herbert Start. While the film was considered a critical success upon release in August 1939, it failed to generate profit for MGM, earning only $, 017,000 on a $, 777,000 budget, which made it MGM's the most expensive production to date.",1939
where does the solar eclipse start and end,"The solar eclipse of August 21, 2017, dubbed `` The Great American Eclipse '' by the media, was a total eclipse visible within a band across the entire contiguous United States, passing from the Pacific to the Atlantic coasts. As a partial solar eclipse, it was visible on land from Nunavut in northern Canada to as far south as northern South America. In northwestern Europe and Africa, it was partially visible in the late evening. In Asia, it was visible only at the eastern extremity, the Chukchi Peninsula.",Pacific to the Atlantic coasts
who was president of the united states in 1938,President : Franklin D. Roosevelt (D - New York),Franklin D. Roosevelt
who played warren in orange is the new black,"Uzoamaka Wanna `` USO '' Aruba (/ Luzon əˈduːbə / ; born February 10, 1981) is an American actress. She is known for her role as Suzanne `` Crazy Eyes '' Warren on the Netflix original series Orange Is the New Black (2013 -- present) , for which she won an Emmy Award for Outstanding Guest Actress in a Comedy Series in 2014, an Emmy Award for Outstanding Supporting Actress in a Drama Series in 2015, and two Screen Actors Guild Awards for Outstanding Performance by a Actress in a Comedy Series in 2014 and 2015. She is one of only two actors to win an Emmy Award recognition in both the comedy and drama categories for the same role, the other being Ed Abner for the character Lou Grant.",Uzoamaka Wanna `` USO '' Aruba
where did the bataan death march take place,"The Bataan Death March (Filipino : Marts ang Himalayan SA Bataan ; Japanese : バターン 死 の 行進, Hepburn : Batman Shi no Kosher) was the forcible transfer by the Imperial Japanese Army of 60,000 -- 80,000 American and Filipino prisoners of war from Says ain Point, Bag ac, Bataan and Marvels to Camp O'Donnell, Caps, Tarmac, via San Fernando, Campania, where the prisoners were loaded onto trains. The transfer began on April 1942, after the three - month Battle of Bataan in the Philippines during World War II. The total distance marched from Marvels to San Fernando and from the Caps Train Station to Camp O'Donnell is variously reported by differing sources as between 60 and 69. Miles (96. And 112. Km) . Differing sources also report widely differing prisoner of war casualties prior to reaching Camp O'Donnell : from, 000 to 18,000 Filipino deaths and 500 to 650 American deaths during the march. The march was characterized by severe physical abuse and wanton killings, and was later judged by an Allied military commission to be a Japanese war crime.","From Says ain Point, Bag ac, Bataan and Marvels to Camp O'Donnell, Caps, Tarmac, Via San Fernando, Campania, Where the prisoners were loaded onto trains"
vince carter career high points in a game,Points : 51 (times),51
where do they put the chip in dogs,"In dogs and cats, chips are usually inserted below the skin at the back of the neck between the shoulder blades on the dorsal midline. According to one reference, continental European pets get the implant on the left side of the neck. The chip can often be felt under the skin. Thin layers of connective tissue form around the implant and hold it in place.",Usually inserted below the skin at the back of the neck between the shoulder blades on the dorsal midline
how long will it take voyager to pass through the oort cloud,"Space probes have yet to reach the area of the Oort cloud. Voyager, the fastest and farthest of the interplanetary space probes currently leaving the Solar System, will reach the Oort cloud in about 300 years and would take about 30,000 years to pass through it. However, around 2025, the radioisotope thermoelectric generators on Voyager will no longer supply enough power to operate any of its scientific instruments, preventing any exploration by Voyager. The other four probes currently escaping the Solar System either are already or are predicted to be non-functional when they reach the Oort cloud ; however, it may be possible to find an object from the cloud that has been knocked into the inner Solar System.","About 30,000 years"
an idiopathic condition associated with asprin treatment during certain viral infections,"The cause of Rae syndrome is unknown. It usually begins shortly after recovery from a viral infection, such as influenza or chickenpox. About 90 % of cases are associated with aspirin (salicylate) use in children. Inborn errors of metabolism are also a risk factor. Changes on blood tests may include a high blood ammonia level, low blood sugar level, and prolonged prothrombin time. Often the liver is enlarged.",Rae syndrome
what is the difference between devil's food and chocolate,"Devil's food cake is a moist, airy, rich chocolate layer cake. It is considered a counterpart to the white or yellow angel food cake. Because of differing recipes and changing ingredient availability over the course of the 20th century, it is difficult to precisely qualify what distinguishes devil's food from the more standard chocolate cake, though it traditionally has more chocolate than a regular chocolate cake, making it darker. The cake is usually paired with a rich chocolate frosting.",Traditionally has more chocolate than a regular chocolate cake
who is mariah carey talking about in we belong together,"The song's music video was filmed as a two - part story with `` It's Like That '', which featured Carey at her bachelorette party. The video for `` We Belong Together '' is a continuation focusing on Carey's wedding to an older and powerful man and ends with the singer eloping with her ex-lover. Rumors arose of the video's connection to her 1993 marriage to Tommy Mottola. Carey performed the song on several award shows and television appearances around the world, namely MTV Movie Awards, MTV Video Music Awards, Macy's Fourth of July Parade, The Oprah Winfrey Show and the 48th Grammy Awards. In Europe the song was performed at the Live charity concert, the Fashion Rocks in Monaco, and the German Bambi Awards. Carey performed the song on both her Adventures of Mimi and Angels Advocate Tours.",Her 1993 marriage to Tommy Mottola
where is the original statue of david in italy,"David has stood on display at Florence's Galleria dell'Academia since 1873. In addition to the full - sized replica occupying the spot of the original in front of the Palazzo Echo, a bronze version overlooks Florence from the Piazza Michelangelo. The plaster cast of David at the Victoria and Albert Museum has a detachable plaster fig leaf which is displayed nearby. Legend claims that the fig leaf was created in response to Queen Victoria's shock upon first viewing the statue's nudity, and was hung on the figure prior to royal visits, using two strategically placed hooks. In 2010, the Italian government began a campaign to solidify its claim to the iconic marble statue.",Florence's Galleria dell'Academia
when did the teton dam break in idaho,"The Eton Dam was an earthen dam on the Eton River in Idaho, United States. It was built by the Bureau of Reclamation, one of eight federal agencies authorized to construct dams. Located in the eastern part of the state, between Fremont and Madison counties, it suffered a catastrophic failure on June 1976, as it was filling for the first time.","June, 1976"
when was the movie stand by me made,"Stand by Me is a 1986 American coming - of - age comedy - drama film directed by Rob Racer and starring Will Wheaton, River Phoenix, Corey Feldman, and Jerry O'Connell. The film, whose plot is based on Stephen King's novella The Body (1982) and title is derived from Ben E. King's eponymous song, which plays over the ending credits, tells the story of four boys in a small town in Oregon who go on a hike to find the dead body of a missing child.",1986
is the eiffel tower made of steel or iron,"The Eiffel Tower (/ awful star. Ər / EYE - FCL TOW - or ; French : tour Eiffel, pronounced (tub ‿ NFL) listen) is a wrought iron lattice tower on the Champ de Mars in Paris, France. It is named after the engineer Gustave Eiffel, whose company designed and built the tower.",Wrought iron
what is the name of the youth loved by salmacis,"In Greek mythology, Hermaphroditus or Hermaphroditus / hərˌmæf. Rəˈdaɪ. Təs / (listen) (Ancient Greek : Ἑρμαφρόδιτος) was the son of Aphrodite and Hermes. According to Ovid, he was born a remarkably handsome boy with whom the water nymph Salamis fell in love and prayed to be united forever. A god, in answer to her prayer, merged their two forms into one and transformed them into an androgynous form. His name is compounded of his parents' names, Hermes and Aphrodite. He was one of the Erodes.",Hermaphroditus
when is the next magisterium book coming out,"The Silver Mask (October 26, 2017)","October 26, 2017"
what film has the song don't you forget about me,"`` Don't You (Forget About Me) '' is a 1985 pop song performed by Scottish rock band Simple Minds. The song is best known for being played during the opening and closing credits of the John Hughes film The Breakfast Club. It was written and composed by producer Keith Dorsey and Steve Schiff, the latter of whom was a guitarist and songwriter from the Nina Hagen band.",The Breakfast Club
when was the last time mount saint helens exploded,"On May 18, 1980, a major volcanic eruption occurred at Mount St. Helen's, a volcano located in Ska mania County, in the State of Washington. The eruption (a VEI event) was the most significant volcanic eruption to occur in the contiguous 48 U.S. states since the much smaller 1915 eruption of Lassen Peak in California. It has often been declared as the most disastrous volcanic eruption in U.S. history. The eruption was preceded by a two - month series of earthquakes and steam - venting episodes, caused by an injection of magma at shallow depth below the volcano that created a large bulge and a fracture system on the mountain's north slope.","May 18, 1980"
how many 7 elevens are in the world,"- Eleven Inc. is a Japanese - owned American international chain of convenience stores, headquartered in Dallas, Texas. The chain was known as Tote'm Stores until it was renamed in 1946. Its parent company, Seven - Eleven Japan Co., Ltd. , operates, franchises, and licenses 66,579 stores in 17 countries as of 30 June 2018. Seven - Eleven Japan is headquartered in Child, Tokyo and held by the Seven & I Holdings Co.","66,579"
when do booth and brennan become a couple,"At the start of Season, a very pregnant Brennan and Booth are a couple but are going back and forth between apartments. Booth suggests that they should have their own place, whereas Brennan wants Booth to move into her apartment. It causes a minor rift between them, but is resolved when Booth admits why he wants to move into a new house and Brennan having some time to think over it says it's a good idea because she'd need him practically, emotionally and sexually. In episode, `` The Crack in the Code, '' they decide to buy a two - story house in the suburbs -- which they jokingly called `` The Mighty Hut '' -- that Booth found at a police auction and renovate it, (according to a mailed check sent to Brennan in `` The Heiress in the Hill '', in season, the `` Mighty Hut '' is address is `` 1297 Janus Street, Washington DC, 20002 '') . In episode, `` The Prisoner in the Pipe '', Brennan goes into labor inside a prison just as she discovers who killed in an inmate there and Booth rushes her out with the intention to take her to the nearest hospital, but they both know she won't make it in time. This leads them to driving to an inn close to the prison. At first, they are rejected and are told to leave, but after some desperate pleading from an agonized Brennan, the two of them are led to a stall where she gives birth to their daughter, Christine Angela Booth (named after Temperance's mother, Christine Brennan, and Temperance's best friend Angela Montenegro) . Some time after the delivery, Temperance and Seemed both go back to their home where they celebrate with their friends from the Jeffersonian, who brought dinners that would last a few nights and a few baby supplies. In `` The Past in the Present '', Brennan becomes the prime suspect in the murder of her schizophrenic friend, Ethan Sawyer, after supposedly threatening to kill Christine. Max advises Brennan to get off the grid and go into hiding, but she and Booth do not follow up at this suggestion. However, at the end of the episode, after Christine is christened in a Catholic Church, it is revealed Brennan decided to take her father's advice and flee with her daughter until her name is cleared. Just before Brennan flees town with Christine, she tells Booth she loves him and not just because of their daughter. After she is cleared of Sawyer's murder, Brennan, Booth and Christine resume their family life.",At the start of Season
who sang nice one cyril nice one son,"`` Nice One Cyril '' is a single by Cockerel Chorus written by Harold Spiro and Helen Clarke. The song title is a reference to Cyril Knowles, a left back who played for Tottenham Hotspur. It was released before the 1973 Football League Cup Final where Tottenham played Norwich City. It reached No. 14 on the British single chart after Tottenham won, and its writers Spiro and Clarke received an Ivor Novella Award for Best Novel or Unusual Song in 1974.",Cockerel Chorus
who sang red red wine in the 80's,"`` Red Wine '' is a song originally written, performed, and recorded by American singer Neil Diamond in 1967. It is included on Neil's second studio album, Just for You. The lyrics are sung from the perspective of a person who finds that drinking red wine is the only way to forget his woes.",Neil Diamond
who wrote the christmas carol do you hear what i hear,"`` Do You Hear What I Hear ? '' is a song written in October 1962, with lyrics by Noel Reyna and music by Gloria Shane Baker. The pair, married at the time, wrote it as a plea for peace during the Cuban Missile Crisis. Reyna had been invited by a record producer to write a Christmas song, but he was hesitant due to the commercialism of the Christmas holiday. It has sold tens of millions of copies and has been covered by hundreds of artists.","Noel Reyna, Gloria Shane Baker"
who plays olivia benson on law and order,"Marisa Madonna Habitat (/ məˈrɪʃkə ˈhɑːrɡɪteɪ / me - IRISH - km HAD - fish - day ; born January 23, 1964) is an American actress best known for her role as Detective / Sergeant / Lieutenant Olivia Benson on the NBC drama series Law & Order : Special Victims Unit, for which she has earned multiple awards and nominations, including winning a Primetime Emmy Award and Golden Globe Award.",Marisa Madonna Habitat
how many copies did fifty shades of grey sell,"Fifty Shades of Grey has topped bestseller lists around the world, selling over 125 million copies worldwide by June 2015. It has been translated into 52 languages, and set a record in the United Kingdom as the fastest - selling paperback of all time. Critical reception of the book, however, has tended towards the negative, with the quality of its prose generally seen as poor. Universal Pictures and Focus Features produced a film adaptation, which was released on 13 February 2015 and also received generally unfavorable reviews.",Over 125 million copies
when was the city of green bay founded,"Nicole founded a small trading post here in 1634, originally named La Base or La Base DES Plants (French for `` the Bay of Stinking Waters '') . Nicolet's settlement was one of the oldest European permanent settlements in America.",1634
where do the ilium the ischium and the pubis meet,"The hip bone is formed by three parts : ilium, schism, and pubis. At birth, these three components are separated by hyaline cartilage. They join each other in a Y - shaped portion of cartilage in the acetabulum. By the end of puberty the three regions will have fused together, and by the age of 25 they will have ossified. The two hip bones join each other at the pubic symphysis. Together with the sacrum and coccyx, the hip bones form the pelvis.",acetabulum
who is the founder of pak n save,"PAK'save was developed following a trip by a group of Foodstuffs executives to the United States in 1985. On that visit they saw Cub Foods, operated by SuperValu, PAK' n Save operated by Safeway, and other box warehouse supermarkets. Foodstuffs then copied this format in New Zealand. The original PAK'save format was almost an identical copy of Safeway's PAK' n Save chain in northern California.",Foodstuffs
how many species of plants are found in india,"The flora of India is one of the richest in the world due to the wide range of climate, topology and habitat in the country. There are estimated to be over 18,000 species of flowering plants in India, which constitute some - percent of the total plant species in the world. India is home to more than 50,000 species of plants, including a variety of endemics. The use of plants as a source of medicines has been an integral part of life in India from the earliest times. There are more than 3000 Indian plant species officially documented as possessing great medicinal potential. India is divided into eight main logistic regions : Western Himalayas, Eastern Himalayas, Assam, Indus plain, Ganges plain, the Deccan, Malabar and the Andaman Islands.","More than 50,000"
which non-british company owns both the famous british rolls- royce and mini brands,"The origins of the UK automotive industry date back to the final years of the 19th century. By the 1950s the UK was the second - the largest manufacturer of cars in the world (after the United States) and the largest exporter. However, in subsequent decades the industry experienced considerably lower growth than competitor nations such as France, Germany and Japan and by 2008 the UK was the 12th - the largest producer of cars measured by volume. Since the early 1990s many British car marques have been acquired by foreign companies including BMW (Mini and Rolls - Royce) , SAIC (MG) , TATA (Jaguar and Land Rover) and Volkswagen Group (Bentley) . Rights to many currently dormant marques, including Austin, Riley, Rover and Triumph, are also owned by foreign companies.",BMW
how many times have the dodgers gone to world series,"The Dodgers share a fierce rivalry with the San Francisco Giants, the oldest rivalry in baseball, dating back to when the two franchises played in New York City. Both teams moved west for the 1958 season. The Brooklyn Dodgers and Los Angeles Dodgers have collectively appeared in the World Series 19 times, while the New York Giants and San Francisco Giants have collectively appeared 20 times and have been invited 21 times. The Giants have won two more World Series () ; the Dodgers have won 22 National League pennants, while the Giants hold the record with 23. Although the two franchises have enjoyed near equal success, the city rivalries are rather lopsided and in both cases, a team's championships have predated to the other's first one in that particular location. When the two teams were based in New York, the Giants won five World Series championships, and the Dodgers one. After the move to California, the Dodgers have won five in Los Angeles, the Giants have won three in San Francisco.",19
at what level is the clavicle with reference to the ribs,"The collarbone is a large doubly curved long bone that connects the arm to the trunk of the body. Located directly above the first rib it acts as a strut to keep the scapula in place so that the arm can hang freely. Medially, it articulates with the manubrium of the sternum (breastbone) at the sternoclavicular joint. At its lateral end it articulates with the acromion, a process of the scapula (shoulder blade) at the acromioclavicular joint. It has a rounded medial end and a flattened lateral end.",Directly above the first rib
when was the writ of habeas corpus created,"Habeas corpus derives from the English common law where the first recorded usage was in 1305, in the reign of King Edward I of England. The procedure for the issuing of writs of habeas corpus was first codified by the Habeas Corpus Act 1679, following judicial rulings which had restricted the effectiveness of the writ. A previous act had been passed in 1640 to overturn a ruling that the command of the Queen was a sufficient answer to a petition of habeas corpus. Winston Churchill, in his chapter on the English Common Law in The Birth of Britain, explains the process thus :",1679
where are they playing the john deere classic golf tournament,"The John Deere Classic is a professional golf tournament on the PGA Tour. It is played annually in July, the week before the British Open, at TPC Deere Run in the Quad Cities community of Silvia, Illinois.","TPC Deere Run in the Quad Cities community of Silvia, Illinois"
what types of elements are involved in covalent bonding,"A covalent bond, also called a molecular bond, is a chemical bond that involves the sharing of electron pairs between atoms. These electron pairs are known as shared pairs or bonding pairs, and the stable balance of attractive and repulsive forces between atoms, when they share electrons, is known as covalent bonding. For many molecules, the sharing of electrons allows each atom to attain the equivalent of a full outer shell, corresponding to a stable electronic configuration.","electron, atoms"
name the highest bridge in the world built by indian army,"The Daily Bridge is the bridge at the highest elevation in the world. This bridge is located in the Himalayan mountains between the Dreys River and Sure River in the Kazakh Valley in the Indian state of Jammy and Kashmir. It is 30 meters (98 ft) long and is at an altitude of, 602 meters (18,379 ft) above the mean sea level. It is a bailey bridge built in 1982 by the Indian Army.",Daily Bridge
who wrote an article on war finance titled how to pay for the war,"How to Pay for the War : A Radical Plan for the Chancellor of the Exchequer is a book by John Maynard Keynes, published in 1940 by Macmillan and Co., Ltd ... It is an application of Keynesian thinking and principles to a practical economic problem and a relatively late text. Keynes died in 1946.",John Maynard Keynes
where did the cavs play before the gund arena,"The arena opened in October 1994 as part of the Gateway Sports and Entertainment Complex with adjacent Progressive Field, which opened in April of that year. It is named for the retail mortgage lender Quicken Loans, whose chairman and founder is Dan Gilbert, the majority owner of the Cavaliers, Monsters, and Gladiators. From its opening until August 2005, it was known as Gun Arena, named for former Cavaliers' owner Gordon Gun, after he paid for the naming rights. The Q replaced the Rich field Coliseum as the primary entertainment facility for the region and the home of the Cavaliers, and supplanted the Holstein Center at Cleveland State University, which opened in 1990, as the primary concert and athletic venue in downtown Cleveland.",The Rich field Coliseum
who won the arms race in the cold war,"Throughout the 1970s, both the Soviet Union and United States replaced old missiles and warheads with newer, more powerful and effective ones. This continued to worsen Soviet - U.S. relations. On June 18, 1979, the SALT II treaty was signed in Vienna. This treaty limited both sides' nuclear arsenals and technology. However, this treaty as well as the era of the détente ended with the Soviet Union's invasion of Afghanistan in January 1980. The United States once again significantly increased military and nuclear spending, while the Soviets were unable to respond and continued to pursue the détente.",The United States
what is the proper term used for the signature given by celebrities to their fans,Autograph also refers to a famous person's artistic signature. This term is used in particular for the practice of collecting autographs of celebrities. The hobby of collecting autographs is known as filmography.,Autograph
who owns willy wonka and the chocolate factory,"The film tells the story of Charlie Bucket (Peter Rostrum) as he receives a Golden Ticket and visits Willy Wonka's chocolate factory with four other children from around the world. Filming took place in Munich in 1970, and the film was released by Paramount Pictures on June 30, 1971. With a budget of just $ million, the film received generally positive reviews and earned $ million by the end of its original run. Paramount distributed the film until 1977, and beginning in the 1980s, Warner Bros. assumed control of the rights for home entertainment purposes. The film then made an additional $21 million during its re-release by Warner Bros. under its Family Entertainment banner in 1996. The film became highly popular in part through repeated television airings and home entertainment sales. In 1972, the film received an Academy Award nomination for Best Original Score, and Wilder was nominated for a Golden Globe as Best Actor in a Musical or Comedy, but lost both to Fiddler on the Roof. The film also introduced the song `` The Candy Man '', which went on to become a popular hit when recorded by Sammy Davis Jr. In 2014, the film was selected for preservation in the United States National Film Registry by the Library of Congress as being `` culturally, historically, or aesthetically significant ''.",Warner Bros.
who directed sign of the times music video,"Directed by Wood kid, the song's music video was released on May. It features Styles singing in a meadow, and soaring in the skies, walking on water. A writer from USA Today described Styles to be `` auditioning to be Marvel Comics next superhero or in a new biblical epic ''. It was filmed on the Isle of Skye in Scotland. The video's stunt pilot, Will Banks, stated that Styles flew more than, 550 feet high during the shoot. Banks also claimed that no green screen or CGI effects were employed during filming. A stunt double was used for some scenes.",Wood kid
